<!-- Copyright (C) 2019 Google Inc. All Rights Reserved.

FirebaseAuth iOS and Android Dependencies.
-->

<dependencies>
  <iosPods>
    <iosPod name="Firebase/Auth" version="10.7.0" minTargetSdk="8.0">
    </iosPod>
  </iosPods>
  <androidPackages>
    <androidPackage spec="com.google.firebase:firebase-auth:21.2.0">
    </androidPackage>
    <androidPackage spec="com.google.firebase:firebase-analytics:21.2.1">
    </androidPackage>
    <androidPackage spec="com.google.firebase:firebase-auth-unity:10.7.0">
      <repositories>
        <repository>Assets/Firebase/m2repository</repository>
      </repositories>
    </androidPackage>
  </androidPackages>
</dependencies>
